Date,Demanded_Gas,Import_price[Dollars per Thousand Cubic Feet],Import_price[Dollars per  ONE MILLION Cubic Feet],Import_total_price [Dolares],PIB [Millones de Pesos mexicanos],Cambio dólar/peso,PIB [Millones de Dolares],PIB [ Dolares],Población en Mexico
1/1/2005,"1,819.58",5.97,"5,970.00","10,862,892.60","8,655,345.80",11.2007,"772,750.44","772,750,435,240.66","103,263,388.00"
2/1/2005,1895.33,5.95,"5,950.00","11,277,213.50","8,655,345.80",11.1714,"774,777.18","774,777,181,015.81","103,263,388.00"
3/1/2005,1765.86,6.53,"6,530.00","11,531,065.80","8,655,345.80",11.104,"779,479.99","779,479,989,193.08","103,263,388.00"
4/1/2005,1642.7,7,"7,000.00","11,498,900.00","9,254,136.20",11.1893,"827,052.29","827,052,291,028.04","103,263,388.00"
5/1/2005,1895.54,6.46,"6,460.00","12,245,188.40","9,254,136.20",11.0271,"839,217.58","839,217,582,138.55","103,263,388.00"
6/1/2005,2051.72,6.79,"6,790.00","13,931,178.80","9,254,136.20",10.8442,"853,371.96","853,371,959,204.00","103,263,388.00"
7/1/2005,1962.05,7.33,"7,330.00","14,381,826.50","9,187,819.90",10.7327,"856,058.58","856,058,577,990.63","103,263,388.00"
8/1/2005,1889.66,8.36,"8,360.00","15,797,557.60","9,187,819.90",10.5994,"866,824.53","866,824,527,803.46","103,263,388.00"
9/1/2005,1739.1,10.26,"10,260.00","17,843,166.00","9,187,819.90",10.7234,"856,801.01","856,801,005,278.18","103,263,388.00"
10/1/2005,1695.92,11.52,"11,520.00","19,536,998.40","9,570,589.50",10.7683,"888,774.41","888,774,411,931.32","103,263,388.00"
11/1/2005,1648.95,9.45,"9,450.00","15,582,577.50","9,570,589.50",10.7647,"889,071.64","889,071,641,569.20","103,263,388.00"
12/1/2005,1560.98,11.15,"11,150.00","17,404,927.00","9,570,589.50",10.5247,"909,345.59","909,345,587,047.61","103,263,388.00"
1/1/2006,1610.45,8.48,"8,480.00","13,656,616.00","9,678,233.00",10.6253,"910,866.80","910,866,799,055.09","103,263,388.00"
2/1/2006,1806.33,7.19,"7,190.00","12,987,512.70","9,678,233.00",10.4303,"927,895.94","927,895,937,796.61","103,263,388.00"
3/1/2006,2006.88,6.46,"6,460.00","12,964,444.80","9,678,233.00",10.4673,"924,615.99","924,615,994,573.58","103,263,388.00"
4/1/2006,2108.31,6.73,"6,730.00","14,188,926.30","10,351,495.30",10.8717,"952,150.57","952,150,565,228.99","103,263,388.00"
5/1/2006,2298.9,6.2,"6,200.00","14,253,180.00","10,351,495.30",11.0323,"938,289.87","938,289,867,026.82","103,263,388.00"
6/1/2006,2398.88,5.99,"5,990.00","14,369,291.20","10,351,495.30",11.2843,"917,336.06","917,336,059,835.35","103,263,388.00"
7/1/2006,2480.62,5.99,"5,990.00","14,858,913.80","10,324,242.70",11.1302,"927,588.25","927,588,246,392.70","103,263,388.00"
8/1/2006,2413.08,7.15,"7,150.00","17,253,522.00","10,324,242.70",11.0203,"936,838.63","936,838,625,082.80","103,263,388.00"
9/1/2006,2298.49,5.5,"5,500.00","12,641,695.00","10,324,242.70",10.8952,"947,595.52","947,595,519,127.69","103,263,388.00"
10/1/2006,2273.91,5.31,"5,310.00","12,074,462.10","10,569,771.20",10.9733,"963,226.30","963,226,303,846.61","103,263,388.00"
11/1/2006,2134.41,6.78,"6,780.00","14,471,299.80","10,569,771.20",10.7449,"983,701.22","983,701,216,391.03","103,263,388.00"
12/1/2006,2025.98,7.02,"7,020.00","14,222,379.60","10,569,771.20",10.9595,"964,439.18","964,439,180,619.55","103,263,388.00"
1/1/2007,2108.85,6.95,"6,950.00","14,656,507.50","10,457,892.40",10.7815,"969,984.92","969,984,918,610.58","103,263,388.00"
2/1/2007,2006.81,7.35,"7,350.00","14,750,053.50","10,457,892.40",10.982,"952,275.76","952,275,760,335.09","103,263,388.00"
3/1/2007,2259.02,6.91,"6,910.00","15,609,828.20","10,457,892.40",11.1917,"934,432.87","934,432,874,362.25","103,263,388.00"
4/1/2007,2036.62,7.11,"7,110.00","14,480,368.20","11,055,634.20",11.0336,"1,001,997.01","1,001,997,009,135.73","103,263,388.00"
5/1/2007,2361.78,7.34,"7,340.00","17,335,465.20","11,055,634.20",10.9262,"1,011,846.22","1,011,846,222,840.51","103,263,388.00"
6/1/2007,2567.22,7.11,"7,110.00","18,252,934.20","11,055,634.20",10.7131,"1,031,973.40","1,031,973,397,055.94","103,263,388.00"
7/1/2007,2618.43,6.12,"6,120.00","16,024,791.60","11,103,061.90",10.7697,"1,030,953.68","1,030,953,684,875.16","103,263,388.00"
8/1/2007,2579.35,6.14,"6,140.00","15,837,209.00","11,103,061.90",10.9663,"1,012,471.11","1,012,471,106,936.71","103,263,388.00"
9/1/2007,2506.83,5.84,"5,840.00","14,639,887.20","11,103,061.90",11.0169,"1,007,820.88","1,007,820,884,277.79","103,263,388.00"
10/1/2007,2657.24,6.22,"6,220.00","16,528,032.80","11,652,103.20",10.9224,"1,066,807.95","1,066,807,954,295.76","103,263,388.00"
11/1/2007,2577.97,6.24,"6,240.00","16,086,532.80","11,652,103.20",10.6639,"1,092,668.09","1,092,668,085,784.75","103,263,388.00"
12/1/2007,2489.39,6.76,"6,760.00","16,828,276.40","11,652,103.20",10.9124,"1,067,785.57","1,067,785,565,045.27","103,263,388.00"
1/1/2008,2548.33,7.78,"7,780.00","19,826,007.40","11,426,957.10",10.8972,"1,048,614.06","1,048,614,056,821.94","103,263,388.00"
2/1/2008,2694.39,8.19,"8,190.00","22,067,054.10","11,426,957.10",10.8138,"1,056,701.35","1,056,701,353,825.67","103,263,388.00"
3/1/2008,2575.71,9.06,"9,060.00","23,335,932.60","11,426,957.10",10.7046,"1,067,481.00","1,067,480,998,822.94","103,263,388.00"
4/1/2008,2600.26,9.76,"9,760.00","25,378,537.60","12,418,913.50",10.5985,"1,171,761.43","1,171,761,428,504.03","103,263,388.00"
5/1/2008,2562.91,10.52,"10,520.00","26,961,813.20","12,418,913.50",10.4585,"1,187,446.91","1,187,446,909,212.60","103,263,388.00"
6/1/2008,2689.6,11.65,"11,650.00","31,333,840.00","12,418,913.50",10.3417,"1,200,858.03","1,200,858,031,078.06","103,263,388.00"
7/1/2008,2598.57,11.47,"11,470.00","29,805,597.90","12,216,690.60",10.3908,"1,175,721.85","1,175,721,850,098.16","103,263,388.00"
8/1/2008,2561.87,7.99,"7,990.00","20,469,341.30","12,216,690.60",9.9705,"1,225,283.65","1,225,283,646,757.94","103,263,388.00"
9/1/2008,2404.84,6.48,"6,480.00","15,583,363.20","12,216,690.60",10.3423,"1,181,235.37","1,181,235,373,176.18","103,263,388.00"
10/1/2008,2503.78,5.16,"5,160.00","12,919,504.80","12,087,236.00",10.9811,"1,100,730.89","1,100,730,892,169.27","103,263,388.00"
11/1/2008,2482.93,5.02,"5,020.00","12,464,308.60","12,087,236.00",12.7875,"945,238.40","945,238,396,871.95","103,263,388.00"
12/1/2008,2383.92,5.56,"5,560.00","13,254,595.20","12,087,236.00",13.58,"890,076.29","890,076,288,659.79","103,263,388.00"
1/1/2009,2364.05,4.9,"4,900.00","11,583,845.00","11,099,355.30",13.7678,"806,182.20","806,182,200,496.81","103,263,388.00"
2/1/2009,2377.22,3.88,"3,880.00","9,223,613.60","11,099,355.30",14.5404,"763,345.94","763,345,939,589.01","103,263,388.00"
3/1/2009,2536.7,3.42,"3,420.00","8,675,514.00","11,099,355.30",15.365,"722,379.13","722,379,127,888.06","103,263,388.00"
4/1/2009,2585.33,3.36,"3,360.00","8,686,708.80","11,442,982.20",13.9108,"822,596.99","822,596,989,389.54","103,263,388.00"
5/1/2009,2782.32,3.57,"3,570.00","9,932,882.40","11,442,982.20",13.35,"857,152.22","857,152,224,719.10","103,263,388.00"
6/1/2009,2786.68,3.5,"3,500.00","9,753,380.00","11,442,982.20",13.155,"869,858.02","869,858,015,963.51","103,263,388.00"
7/1/2009,2866,3.59,"3,590.00","10,288,940.00","11,707,965.00",13.0972,"893,928.86","893,928,855,022.45","103,263,388.00"
8/1/2009,2939.05,3.31,"3,310.00","9,728,255.50","11,707,965.00",13.1293,"891,743.28","891,743,276,488.47","103,263,388.00"
9/1/2009,2943.11,3.1,"3,100.00","9,123,641.00","11,707,965.00",13.5246,"865,679.21","865,679,206,778.76","103,263,388.00"
10/1/2009,2733.51,3.97,"3,970.00","10,852,034.70","12,385,340.00",13.6242,"909,069.16","909,069,156,354.14","103,263,388.00"
11/1/2009,2679.06,4.13,"4,130.00","11,064,517.80","12,385,340.00",13.2908,"931,873.18","931,873,175,429.62","103,263,388.00"
12/1/2009,2615.28,5.28,"5,280.00","13,808,678.40","12,385,340.00",12.8557,"963,412.34","963,412,338,495.77","103,263,388.00"
1/1/2010,2452.18,6.17,"6,170.00","15,129,950.60","12,231,450.10",12.9226,"946,516.19","946,516,188,692.68","112,336,538.00"
2/1/2010,2415.37,5.61,"5,610.00","13,550,225.70","12,231,450.10",12.8699,"950,392.01","950,392,007,707.91","112,336,538.00"
3/1/2010,2460.19,4.78,"4,780.00","11,759,708.20","12,231,450.10",12.7454,"959,675.66","959,675,655,530.62","112,336,538.00"
4/1/2010,2643.9,4.24,"4,240.00","11,210,136.00","12,793,484.60",12.2658,"1,043,020.81","1,043,020,805,817.80","112,336,538.00"
5/1/2010,2864.36,4.26,"4,260.00","12,202,173.60","12,793,484.60",12.2605,"1,043,471.69","1,043,471,685,494.07","112,336,538.00"
6/1/2010,2991.73,4.72,"4,720.00","14,120,965.60","12,793,484.60",12.9012,"991,650.75","991,650,745,667.07","112,336,538.00"
7/1/2010,2917.25,4.71,"4,710.00","13,740,247.50","12,794,478.40",13.0325,"981,736.31","981,736,305,390.37","112,336,538.00"
8/1/2010,2846.52,4.47,"4,470.00","12,723,944.40","12,794,478.40",12.5728,"1,017,631.59","1,017,631,585,645.20","112,336,538.00"
9/1/2010,2540.74,4.01,"4,010.00","10,188,367.40","12,794,478.40",13.0538,"980,134.40","980,134,397,646.66","112,336,538.00"
10/1/2010,2551.87,3.74,"3,740.00","9,543,993.80","13,477,471.70",12.5511,"1,073,808.01","1,073,808,008,859.78","112,336,538.00"
11/1/2010,2655.23,3.8,"3,800.00","10,089,874.00","13,477,471.70",12.3452,"1,091,717.57","1,091,717,566,341.57","112,336,538.00"
12/1/2010,2690.02,4.34,"4,340.00","11,674,686.80","13,477,471.70",12.3967,"1,087,182.21","1,087,182,209,781.64","112,336,538.00"
1/1/2011,2662.78,4.52,"4,520.00","12,035,765.60","13,339,389.30",12.2574,"1,088,272.33","1,088,272,333,447.55","112,336,538.00"
2/1/2011,2741.3,4.36,"4,360.00","11,952,068.00","13,339,389.30",12.017,"1,110,043.21","1,110,043,213,780.48","112,336,538.00"
3/1/2011,2802.85,3.98,"3,980.00","11,155,343.00","13,339,389.30",12.0929,"1,103,076.13","1,103,076,127,314.37","112,336,538.00"
4/1/2011,2787.8,4.34,"4,340.00","12,099,052.00","13,952,630.40",11.8412,"1,178,312.20","1,178,312,198,088.03","112,336,538.00"
5/1/2011,2964.66,4.4,"4,400.00","13,044,504.00","13,952,630.40",11.5023,"1,213,029.60","1,213,029,602,775.10","112,336,538.00"
6/1/2011,3073.95,4.55,"4,550.00","13,986,472.50","13,952,630.40",11.6277,"1,199,947.57","1,199,947,573,466.81","112,336,538.00"
7/1/2011,3065.73,4.52,"4,520.00","13,857,099.60","14,185,978.10",11.6368,"1,219,061.78","1,219,061,778,152.07","112,336,538.00"
8/1/2011,3016.1,4.39,"4,390.00","13,240,679.00","14,185,978.10",11.7514,"1,207,173.45","1,207,173,451,673.84","112,336,538.00"
9/1/2011,2822.19,4.06,"4,060.00","11,458,091.40","14,185,978.10",12.2616,"1,156,943.47","1,156,943,473,934.89","112,336,538.00"
10/1/2011,2670.82,3.76,"3,760.00","10,042,283.20","15,164,993.60",13.8967,"1,091,265.81","1,091,265,811,307.72","112,336,538.00"
11/1/2011,2591.47,3.5,"3,500.00","9,070,145.00","15,164,993.60",13.6282,"1,112,765.71","1,112,765,706,402.90","112,336,538.00"
12/1/2011,2665.53,3.74,"3,740.00","9,969,082.20","15,164,993.60",13.5894,"1,115,942.84","1,115,942,837,800.05","112,336,538.00"
1/1/2012,2732.35,3.07,"3,070.00","8,388,314.50","14,938,206.20",13.9342,"1,072,053.38","1,072,053,379,454.87","112,336,538.00"
2/1/2012,2712.34,2.76,"2,760.00","7,486,058.40","14,938,206.20",12.89,"1,158,898.85","1,158,898,851,823.12","112,336,538.00"
3/1/2012,2772.88,2.44,"2,440.00","6,765,827.20","14,938,206.20",12.7764,"1,169,203.08","1,169,203,077,549.23","112,336,538.00"
4/1/2012,2619.31,2.2,"2,200.00","5,762,482.00","15,306,804.60",12.7691,"1,198,737.94","1,198,737,937,677.67","112,336,538.00"
5/1/2012,2955.93,2.46,"2,460.00","7,271,587.80","15,306,804.60",12.9629,"1,180,816.38","1,180,816,375,965.25","112,336,538.00"
6/1/2012,3118.81,2.62,"2,620.00","8,171,282.20","15,306,804.60",14.3949,"1,063,349.14","1,063,349,144,488.67","112,336,538.00"
7/1/2012,3035.23,2.99,"2,990.00","9,075,337.70","15,218,797.90",13.397,"1,135,985.51","1,135,985,511,681.72","112,336,538.00"
8/1/2012,3107.21,3.09,"3,090.00","9,601,278.90","15,218,797.90",13.2867,"1,145,415.93","1,145,415,934,731.72","112,336,538.00"
9/1/2012,3037.41,2.89,"2,890.00","8,778,114.90","15,218,797.90",13.191,"1,153,725.87","1,153,725,866,120.84","112,336,538.00"
10/1/2012,2766.59,3.35,"3,350.00","9,268,076.50","15,875,950.10",12.8178,"1,238,586.19","1,238,586,192,638.36","112,336,538.00"
11/1/2012,2681.8,3.62,"3,620.00","9,708,116.00","15,875,950.10",13.0387,"1,217,602.22","1,217,602,222,614.22","112,336,538.00"
12/1/2012,2602.73,3.66,"3,660.00","9,525,991.80","15,875,950.10",12.9335,"1,227,506.10","1,227,506,096,570.92","112,336,538.00"
1/1/2013,2823.51,3.54,"3,540.00","9,995,225.40","15,098,047.40",12.7488,"1,184,272.04","1,184,272,041,290.16","112,336,538.00"
2/1/2013,2864.93,3.5,"3,500.00","10,027,255.00","15,098,047.40",12.6377,"1,194,683.16","1,194,683,162,284.28","112,336,538.00"
3/1/2013,2761.36,3.87,"3,870.00","10,686,463.20","15,098,047.40",12.8012,"1,179,424.38","1,179,424,382,089.18","112,336,538.00"
4/1/2013,2893.01,4.3,"4,300.00","12,439,943.00","15,683,891.20",12.3438,"1,270,588.57","1,270,588,570,780.47","112,336,538.00"
5/1/2013,3112.88,4.26,"4,260.00","13,260,868.80","15,683,891.20",12.1756,"1,288,141.13","1,288,141,134,728.47","112,336,538.00"
6/1/2013,3258.9,4.13,"4,130.00","13,459,257.00","15,683,891.20",12.7882,"1,226,434.62","1,226,434,619,414.77","112,336,538.00"
7/1/2013,3238.75,3.82,"3,820.00","12,372,025.00","15,532,160.00",12.9131,"1,202,821.94","1,202,821,940,510.02","112,336,538.00"
8/1/2013,3315.44,3.65,"3,650.00","12,101,356.00","15,532,160.00",12.8068,"1,212,805.70","1,212,805,696,973.48","112,336,538.00"
9/1/2013,3305.59,3.81,"3,810.00","12,594,297.90","15,532,160.00",13.307,"1,167,217.25","1,167,217,254,076.80","112,336,538.00"
10/1/2013,3079.38,3.8,"3,800.00","11,701,644.00","16,256,380.70",13.1294,"1,238,166.31","1,238,166,306,152.60","112,336,538.00"
11/1/2013,2825.44,3.85,"3,850.00","10,877,944.00","16,256,380.70",13.0789,"1,242,947.09","1,242,947,090,351.64","112,336,538.00"
12/1/2013,2759.08,4.39,"4,390.00","12,112,361.20","16,256,380.70",13.2041,"1,231,161.59","1,231,161,586,173.99","112,336,538.00"
1/1/2014,2837.06,4.76,"4,760.00","13,504,405.60","15,879,880.80",13.1011,"1,212,102.86","1,212,102,861,591.77","112,336,538.00"
2/1/2014,2933.25,6.16,"6,160.00","18,068,820.00","15,879,880.80",13.3928,"1,185,702.83","1,185,702,825,398.72","112,336,538.00"
3/1/2014,2997.46,5.16,"5,160.00","15,466,893.60","15,879,880.80",13.3201,"1,192,174.29","1,192,174,292,985.79","112,336,538.00"
4/1/2014,3181.93,4.81,"4,810.00","15,305,083.30","16,580,259.30",13.0313,"1,272,341.16","1,272,341,155,525.54","112,336,538.00"
5/1/2014,3201.21,4.86,"4,860.00","15,557,880.60","16,580,259.30",12.9981,"1,275,590.99","1,275,590,994,068.36","112,336,538.00"
6/1/2014,3248.36,4.81,"4,810.00","15,624,611.60","16,580,259.30",12.9108,"1,284,216.26","1,284,216,260,804.91","112,336,538.00"
7/1/2014,3064.23,4.57,"4,570.00","14,003,531.10","16,558,482.30",12.9605,"1,277,611.38","1,277,611,380,733.77","112,336,538.00"
8/1/2014,3370.22,4.19,"4,190.00","14,121,221.80","16,558,482.30",13.1932,"1,255,077.03","1,255,077,032,107.45","112,336,538.00"
9/1/2014,3547.07,4.25,"4,250.00","15,075,047.50","16,558,482.30",13.0833,"1,265,619.71","1,265,619,706,037.47","112,336,538.00"
10/1/2014,3284.34,4.2,"4,200.00","13,794,228.00","17,301,219.70",13.4455,"1,286,766.55","1,286,766,553,865.61","112,336,538.00"
11/1/2014,3073.01,4.23,"4,230.00","12,998,832.30","17,301,219.70",13.5503,"1,276,814.51","1,276,814,513,331.81","112,336,538.00"
12/1/2014,2940.49,4.19,"4,190.00","12,320,653.10","17,301,219.70",13.9262,"1,242,350.37","1,242,350,368,370.41","112,336,538.00"
1/1/2015,3214.04,3.38,"3,380.00","10,863,455.20","16,692,795.30",14.829,"1,125,685.84","1,125,685,838,559.58","119,938,476.00"
2/1/2015,3310.43,3.1,"3,100.00","10,262,333.00","16,692,795.30",14.7566,"1,131,208.77","1,131,208,767,602.29","119,938,476.00"
3/1/2015,3296.65,3.03,"3,030.00","9,988,849.50","16,692,795.30",14.9862,"1,113,877.79","1,113,877,787,564.56","119,938,476.00"
4/1/2015,3109.79,2.77,"2,770.00","8,614,118.30","17,466,372.50",15.1206,"1,155,137.53","1,155,137,527,611.34","119,938,476.00"
5/1/2015,3253.82,2.86,"2,860.00","9,305,925.20","17,466,372.50",15.494,"1,127,299.12","1,127,299,115,786.76","119,938,476.00"
6/1/2015,3358.52,2.94,"2,940.00","9,874,048.80","17,466,372.50",15.4845,"1,127,990.73","1,127,990,732,668.15","119,938,476.00"
7/1/2015,3658.49,3.01,"3,010.00","11,012,054.90","17,596,770.90",15.7829,"1,114,926.34","1,114,926,337,998.72","119,938,476.00"
8/1/2015,3432.34,3,"3,000.00","10,297,020.00","17,596,770.90",16.1129,"1,092,092.11","1,092,092,106,324.75","119,938,476.00"
9/1/2015,3514.52,2.77,"2,770.00","9,735,220.40","17,596,770.90",16.8692,"1,043,130.14","1,043,130,136,580.28","119,938,476.00"
10/1/2015,3417.37,2.61,"2,610.00","8,919,335.70","18,240,118.40",16.8566,"1,082,075.77","1,082,075,768,541.70","119,938,476.00"
11/1/2015,3324.2,2.26,"2,260.00","7,512,692.00","18,240,118.40",16.4196,"1,110,874.71","1,110,874,710,711.59","119,938,476.00"
12/1/2015,3490.3,2.3,"2,300.00","8,027,690.00","18,240,118.40",16.5104,"1,104,765.38","1,104,765,384,242.66","119,938,476.00"
1/1/2016,3143.12,2.45,"2,450.00","7,700,644.00","17,772,332.90",17.3529,"1,024,170.77","1,024,170,766,845.89","119,938,476.00"
2/1/2016,3036.73,2.2,"2,200.00","6,680,806.00","17,772,332.90",18.4902,"961,175.81","961,175,806,643.52","119,938,476.00"
3/1/2016,3150.76,1.88,"1,880.00","5,923,428.80","17,772,332.90",17.9432,"990,477.33","990,477,334,031.83","119,938,476.00"
4/1/2016,3282.65,2.03,"2,030.00","6,663,779.50","18,731,020.10",17.3338,"1,080,606.68","1,080,606,681,743.18","119,938,476.00"
5/1/2016,3130.28,2.06,"2,060.00","6,448,376.80","18,731,020.10",17.2279,"1,087,249.18","1,087,249,177,206.74","119,938,476.00"
6/1/2016,3575.49,2.46,"2,460.00","8,795,705.40","18,731,020.10",18.5299,"1,010,853.81","1,010,853,814,645.52","119,938,476.00"
7/1/2016,3614.35,2.8,"2,800.00","10,120,180.00","18,818,234.70",18.309,"1,027,813.35","1,027,813,354,088.15","119,938,476.00"
8/1/2016,3576.18,2.92,"2,920.00","10,442,445.60","18,818,234.70",18.8504,"998,293.65","998,293,654,246.06","119,938,476.00"
9/1/2016,3465.07,3.06,"3,060.00","10,603,114.20","18,818,234.70",18.8523,"998,193.04","998,193,042,758.71","119,938,476.00"
10/1/2016,3381.48,3.16,"3,160.00","10,685,476.80","20,161,173.80",19.3211,"1,043,479.61","1,043,479,605,198.46","119,938,476.00"
11/1/2016,3167.43,2.75,"2,750.00","8,710,432.50","20,161,173.80",19.1306,"1,053,870.44","1,053,870,437,937.13","119,938,476.00"
12/1/2016,2879.86,3.51,"3,510.00","10,108,308.60","20,161,173.80",20.7488,"971,679.03","971,679,027,220.85","119,938,476.00"
1/1/2017,2690.93,3.67,"3,670.00","9,875,713.10","20,137,100.50",20.7323,"971,291.20","971,291,197,792.82","119,938,476.00"
2/1/2017,2815.47,3.25,"3,250.00","9,150,277.50","20,137,100.50",20.7752,"969,285.52","969,285,518,310.29","119,938,476.00"
3/1/2017,2838.2,2.94,"2,940.00","8,344,308.00","20,137,100.50",19.9007,"1,011,879.00","1,011,879,004,256.13","119,938,476.00"
4/1/2017,2914.01,3.29,"3,290.00","9,587,092.90","20,581,074.20",18.732,"1,098,712.05","1,098,712,054,238.74","119,938,476.00"
5/1/2017,3119.05,3.17,"3,170.00","9,887,388.50","20,581,074.20",18.7731,"1,096,306.64","1,096,306,640,885.10","119,938,476.00"
6/1/2017,3253.94,3.13,"3,130.00","10,184,832.20","20,581,074.20",18.5941,"1,106,860.47","1,106,860,466,492.06","119,938,476.00"
7/1/2017,3491.19,3.22,"3,220.00","11,241,631.80","20,379,546.70",18.2064,"1,119,361.69","1,119,361,691,493.10","119,938,476.00"
8/1/2017,3491.77,3.28,"3,280.00","11,453,005.60","20,379,546.70",17.8108,"1,144,224.11","1,144,224,105,598.85","119,938,476.00"
9/1/2017,3339.67,3.29,"3,290.00","10,987,514.30","20,379,546.70",17.7861,"1,145,813.12","1,145,813,118,109.09","119,938,476.00"
10/1/2017,3017.18,3.28,"3,280.00","9,896,350.40","21,790,533.40",18.2337,"1,195,069.21","1,195,069,207,017.77","119,938,476.00"
11/1/2017,3135.4,3.28,"3,280.00","10,284,112.00","21,790,533.40",19.1241,"1,139,427.92","1,139,427,915,562.04","119,938,476.00"
12/1/2017,2983.61,3.33,"3,330.00","9,935,421.30","21,790,533.40",18.6399,"1,169,026.30","1,169,026,303,789.18","119,938,476.00"
1/1/2018,3041.46,3.64,"3,640.00","11,070,914.40","21,284,231.00",19.4899,"1,092,064.66","1,092,064,659,131.14","119,938,476.00"
2/1/2018,3186.84,3.41,"3,410.00","10,867,124.40","21,284,231.00",18.4004,"1,156,726.54","1,156,726,538,553.51","119,938,476.00"
3/1/2018,3203.37,3,"3,000.00","9,610,110.00","21,284,231.00",18.861,"1,128,478.39","1,128,478,394,570.81","119,938,476.00"
4/1/2018,3222.52,3.01,"3,010.00","9,699,785.20","22,336,555.10",18.2967,"1,220,796.93","1,220,796,925,128.58","119,938,476.00"
5/1/2018,3270.33,3.09,"3,090.00","10,105,319.70","22,336,555.10",19.0943,"1,169,802.25","1,169,802,249,886.09","119,938,476.00"
6/1/2018,3479.69,3.04,"3,040.00","10,578,257.60","22,336,555.10",19.8662,"1,124,349.65","1,124,349,654,186.51","119,938,476.00"
7/1/2018,3751.09,3.03,"3,030.00","11,365,802.70","22,124,615.40",20.1453,"1,098,251.97","1,098,251,969,442.00","119,938,476.00"
8/1/2018,3620.71,3.21,"3,210.00","11,622,479.10","22,124,615.40",18.5899,"1,190,141.71","1,190,141,711,359.39","119,938,476.00"
9/1/2018,3664.34,3,"3,000.00","10,993,020.00","22,124,615.40",19.2137,"1,151,502.07","1,151,502,074,040.92","119,938,476.00"
10/1/2018,3765.69,3.29,"3,290.00","12,389,120.10","23,139,358.40",18.6531,"1,240,510.07","1,240,510,070,712.11","119,938,476.00"
11/1/2018,3772.25,3.64,"3,640.00","13,730,990.00","23,139,358.40",20.1329,"1,149,330.62","1,149,330,618,043.10","119,938,476.00"
12/1/2018,3676.41,4.24,"4,240.00","15,587,978.40","23,139,358.40",20.2346,"1,143,554.03","1,143,554,031,213.86","119,938,476.00"
1/1/2019,3500.08,3.42,"3,420.00","11,970,273.60","22,427,336.70",19.5878,"1,144,964.55","1,144,964,554,467.58","119,938,476.00"
2/1/2019,3647.6,3.03,"3,030.00","11,052,228.00","22,427,336.70",19.1098,"1,173,603.95","1,173,603,946,666.11","119,938,476.00"
3/1/2019,3807.71,2.77,"2,770.00","10,547,356.70","22,427,336.70",19.2978,"1,162,170.65","1,162,170,646,394.93","119,938,476.00"
4/1/2019,3750.5,2.37,"2,370.00","8,888,685.00","22,976,063.50",19.2169,"1,195,617.58","1,195,617,581,399.71","119,938,476.00"
5/1/2019,3876.48,3.12,"3,120.00","12,094,617.60","22,976,063.50",19.1014,"1,202,847.09","1,202,847,094,977.33","119,938,476.00"
6/1/2019,4184.76,2.24,"2,240.00","9,373,862.40","22,976,063.50",19.7609,"1,162,703.29","1,162,703,292,866.22","119,938,476.00"
7/1/2019,4361.97,2.24,"2,240.00","9,770,812.80","22,952,349.50",19.076,"1,203,205.57","1,203,205,572,447.05","119,938,476.00"
8/1/2019,4343.61,2.16,"2,160.00","9,382,197.60","22,952,349.50",19.1627,"1,197,761.77","1,197,761,771,566.64","119,938,476.00"
9/1/2019,4445.27,2.46,"2,460.00","10,935,364.20","22,952,349.50",20.1253,"1,140,472.42","1,140,472,415,318.03","119,938,476.00"
10/1/2019,3037.44,2.32,"2,320.00","7,046,860.80","23,708,382.00",19.7792,"1,198,652.22","1,198,652,220,514.48","119,938,476.00"
11/1/2019,3076.62,2.55,"2,550.00","7,845,381.00","23,708,382.00",19.1058,"1,240,899.73","1,240,899,726,784.54","119,938,476.00"
12/1/2019,2947.09,2.39,"2,390.00","7,043,545.10","23,708,382.00",19.5717,"1,211,360.38","1,211,360,382,593.23","119,938,476.00"
1/1/2020,3402.47,2.05,"2,050.00","6,975,063.50","23,043,589.60",18.8817,"1,220,419.22","1,220,419,220,726.95","126,014,024.00"
2/1/2020,3402.47,1.9,"1,900.00","6,464,693.00","23,043,589.60",18.6797,"1,233,616.69","1,233,616,685,492.81","126,014,024.00"
3/1/2020,3819.3,1.71,"1,710.00","6,531,003.00","23,043,589.60",19.6985,"1,169,814.43","1,169,814,432,571.01","126,014,024.00"
4/1/2020,4235.25,1.63,"1,630.00","6,903,457.50","19,082,660.80",24.4918,"779,144.89","779,144,889,309.89","126,014,024.00"
5/1/2020,4387.91,2.04,"2,040.00","8,951,336.40","19,082,660.80",24.3812,"782,679.31","782,679,310,288.26","126,014,024.00"
6/1/2020,5168.27,1.78,"1,780.00","9,199,520.60","19,082,660.80",22.0168,"866,731.80","866,731,804,803.61","126,014,024.00"
7/1/2020,4581.99,1.86,"1,860.00","8,522,501.40","22,011,252.90",22.8078,"965,075.67","965,075,671,480.81","126,014,024.00"
8/1/2020,4163.77,2.18,"2,180.00","9,077,018.60","22,011,252.90",22.614,"973,346.29","973,346,285,486.87","126,014,024.00"
9/1/2020,4451.61,2.3,"2,300.00","10,238,703.00","22,011,252.90",21.7445,"1,012,267.60","1,012,267,603,301.98","126,014,024.00"
10/1/2020,3869.77,2.21,"2,210.00","8,552,191.70","23,696,754.80",21.9562,"1,079,273.95","1,079,273,954,509.43","126,014,024.00"
11/1/2020,3996.14,2.83,"2,830.00","11,309,076.20","23,696,754.80",21.1555,"1,120,122.65","1,120,122,653,683.44","126,014,024.00"
12/1/2020,3941.12,2.87,"2,870.00","11,311,014.40","23,696,754.80",20.0508,"1,181,835.88","1,181,835,876,872.74","126,014,024.00"
1/1/2021,3298.43,2.84,"2,840.00","9,367,541.20","23,264,273.90",19.8457,"1,172,257.66","1,172,257,662,869.03","126,014,024.00"
2/1/2021,3454.21,26.96,"26,960.00","93,125,501.60","23,264,273.90",20.1722,"1,153,283.92","1,153,283,920,444.97","126,014,024.00"
3/1/2021,3681.3,2.93,"2,930.00","10,786,209.00","23,264,273.90",20.6123,"1,128,659.78","1,128,659,775,959.01","126,014,024.00"
4/1/2021,4104.82,2.77,"2,770.00","11,370,351.40","24,264,378.20",20.2483,"1,198,341.50","1,198,341,500,274.10","126,014,024.00"
5/1/2021,4243.93,3.09,"3,090.00","13,113,743.70","24,264,378.20",20.1902,"1,201,789.89","1,201,789,888,163.56","126,014,024.00"
6/1/2021,4985.53,3.31,"3,310.00","16,502,104.30","24,264,378.20",19.8927,"1,219,762.94","1,219,762,938,163.25","126,014,024.00"
7/1/2021,4631.85,3.94,"3,940.00","18,249,489.00","23,936,674.90",20.0368,"1,194,635.62","1,194,635,615,467.54","126,014,024.00"
8/1/2021,4098.81,4.23,"4,230.00","17,337,966.30","23,936,674.90",19.852,"1,205,756.34","1,205,756,341,930.28","126,014,024.00"
9/1/2021,4424.39,4.94,"4,940.00","21,856,486.60","23,936,674.90",19.9615,"1,199,142.09","1,199,142,093,530.05","126,014,024.00"
10/1/2021,4417.51,5.6,"5,600.00","24,738,056.00","25,436,431.40",20.5103,"1,240,178.42","1,240,178,417,673.07","126,014,024.00"
11/1/2021,4557.36,5.46,"5,460.00","24,883,185.60","25,436,431.40",20.8598,"1,219,399.58","1,219,399,581,971.06","126,014,024.00"
12/1/2021,4538.89,4.53,"4,530.00","20,561,171.70","25,436,431.40",21.271,"1,195,826.78","1,195,826,778,242.68","126,014,024.00"
1/1/2022,3320.75,4.65,"4,650.00","15,441,487.50","25,556,297.70",20.589,"1,241,259.78","1,241,259,784,350.87","126,014,024.00"
2/1/2022,3449.8,5.23,"5,230.00","18,042,454.00","25,556,297.70",20.58,"1,241,802.61","1,241,802,609,329.45","126,014,024.00"
3/1/2022,3206.96,4.58,"4,580.00","14,687,876.80","25,556,297.70",20.5272,"1,244,996.77","1,244,996,770,139.13","126,014,024.00"
4/1/2022,3403.44,6.03,"6,030.00","20,522,743.20","27,156,546.30",19.8432,"1,368,556.80","1,368,556,800,314.47","126,014,024.00"
5/1/2022,3350.03,7.63,"7,630.00","25,560,728.90","27,156,546.30",20.4075,"1,330,714.02","1,330,714,016,905.55","126,014,024.00"
6/1/2022,3498.7,7.96,"7,960.00","27,849,652.00","27,156,546.30",19.7388,"1,375,795.20","1,375,795,200,316.13","126,014,024.00"
7/1/2022,3350.97,6.8,"6,800.00","22,786,596.00","27,243,543.50",20.3817,"1,336,666.89","1,336,666,887,452.96","126,014,024.00"
8/1/2022,3506.42,8.46,"8,460.00","29,664,313.20","27,243,543.50",20.2633,"1,344,477.13","1,344,477,133,536.99","126,014,024.00"
9/1/2022,3778.37,7.73,"7,730.00","29,206,800.10","27,243,543.50",20.2473,"1,345,539.58","1,345,539,578,116.59","126,014,024.00"
